date,cleaned_text,neg,neu,pos,compound
2023-07-20 02:18:47,This should do alright?,0.0,0.6,0.4,0.25
2023-07-20 13:45:58,Predictions: Next 1T company?,0.0,1.0,0.0,0.0
2023-07-20 15:27:15,NFLX trade review / PnL: -1.09 R / R2R: -0.89,0.0,1.0,0.0,0.0
2023-07-21 20:05:21,I have found my super-power. TSLA,0.0,1.0,0.0,0.0
2023-07-22 00:14:20,My portfolio so far in yr one,0.0,1.0,0.0,0.0
2023-07-23 15:37:39,"‘Barbie’ Opens to Record-Setting $155 Million, ‘Oppenheimer’ Shatters Expectations With $80 Million Debut",0.0,1.0,0.0,0.0
2023-07-24 00:45:06,Spotify set to follow Netflix and hike subscription prices,0.0,1.0,0.0,0.0
2023-07-24 02:06:23,TDOC Teladoc earnings Tuesday 25th,0.0,1.0,0.0,0.0
2023-07-24 13:14:57,I’m 15 ad new to the stock market thinking about Netflix,0.0,1.0,0.0,0.0
2023-07-27 03:26:13,Netflix Makes Terrible Shows,0.508,0.492,0.0,-0.4767
2023-07-27 19:56:45,A Post-Earnings Review of Alphabet (GOOG),0.0,1.0,0.0,0.0
2023-07-28 11:21:26,Boeing’s Starliner Program Reaches Staggering $1.1 Billion in Losses,0.248,0.642,0.11,-0.3612
2023-07-28 22:18:50,"Writers and Actor strike, possible repercussions. Which companies will be hit the most?",0.111,0.889,0.0,-0.128
2023-07-31 19:28:19,Netflix trying to push it's subscribers to an ad-based model is a bad sign,0.226,0.774,0.0,-0.5423
2023-07-31 20:17:58,"Ad-Supported Streaming Tiers to Generate Over $10 Billion in Revenue by 2027, Study Predicts",0.0,1.0,0.0,0.0
2023-08-02 16:21:28,"Just one word from fitch or whatever it is and all the market crash, makes me question about free trade economy.",0.108,0.76,0.132,0.1531
2023-08-02 18:34:31,Any help much appreciated :),0.0,0.182,0.818,0.8402
2023-08-03 16:27:21,"WBD narrows streaming loss thanks to 3x higher content licensing revenue ($410M). More ""co-exclusive"" deals coming.",0.12,0.729,0.151,0.1531
2023-08-07 22:10:33,Paramount his 61M subscriber,0.0,1.0,0.0,0.0
2023-08-08 20:53:01,What company is this article talking about?,0.0,1.0,0.0,0.0
2023-08-09 01:44:44,The Big D -- A bull case for Disney,0.0,0.606,0.394,0.5994
2023-08-09 20:45:44,"Disney posts mixed results for quarter plagued by streaming woes, restructuring costs",0.209,0.791,0.0,-0.4404
2023-08-09 21:01:02,Disney to raise price on ad-free Disney+ to $13.99 per month starting October 12,0.0,1.0,0.0,0.0
2023-08-10 01:03:04,"Disney says it will crack down on password sharing, following Netflix’s lead",0.0,0.613,0.387,0.743
2023-08-10 04:38:04,"WeWork (2021 - HULU), WeCrashed (2022 - APPLE), WeSoBack (2023 - NETFLIX?)",0.0,1.0,0.0,0.0
2023-08-10 19:54:01,Apple calls and Disney puts?,0.385,0.231,0.385,0.0
2023-08-11 15:29:41,Why is GRINDR collapsing ?,0.423,0.577,0.0,-0.296
2023-08-12 20:08:49,About business strategies,0.0,1.0,0.0,0.0
2023-08-13 20:41:12,Is Fang still an option?,0.0,1.0,0.0,0.0
2023-08-14 23:04:52,Wallstreet's DWAC DeSPAC Triple Stacker Heart Attack - Extra Greasy,0.279,0.721,0.0,-0.4767
2023-08-15 07:30:36,My thoughts about Nvidia,0.0,1.0,0.0,0.0
2023-08-18 13:54:21,For the older traders (15+ years ago) what was trading like?,0.0,0.8,0.2,0.3612
2023-08-19 04:51:49,Massive Misconception About the Writers Strike,0.231,0.769,0.0,-0.128
2023-08-20 21:01:47,Good history + recent downturn,0.0,0.508,0.492,0.4404
2023-08-21 11:27:20,NETFLIX stock analysis,0.0,1.0,0.0,0.0
2023-08-21 12:09:22,Duolingo (DUOL) DCF Analysis,0.0,1.0,0.0,0.0
2023-08-21 18:48:32,"($12,000 down) New portfolio. What do you think?",0.0,1.0,0.0,0.0
2023-08-23 03:10:26,Streaming stocks,0.0,1.0,0.0,0.0
2023-08-23 10:59:44,What stocks/private companies do you wish BRK would have bought (or owned a majority of) in the last few decades?,0.0,0.87,0.13,0.4019
2023-08-23 18:39:15,Bullish on NVDA ahead of Earnings,0.0,0.515,0.485,0.6908
2023-08-23 18:46:54,"Peloton shares drop 20% after posting wider-than-expected loss, falling sales due to Bike recall, seasonality",0.359,0.534,0.107,-0.6369
2023-08-25 21:14:10,One of these things is not like the others... Market close 08/25/2023,0.161,0.839,0.0,-0.2755
2023-08-27 07:54:26,Disney - earnings discussion,0.0,1.0,0.0,0.0
2023-08-27 23:03:02,Netflix to release One Piece on August 31st,0.0,1.0,0.0,0.0
2023-08-29 07:52:49,"200,000 users abandon Netflix after crackdown backfires",0.326,0.674,0.0,-0.4404
2023-08-29 20:20:36,Hats off to the bulls today. Hope everyone made money!,0.0,0.597,0.403,0.6588
2023-08-30 14:28:23,SPY Strategy Idea,0.0,1.0,0.0,0.0
2023-08-30 23:15:28,A Career Regard,0.0,1.0,0.0,0.0
2023-08-31 06:53:19,- $3k to +$30k today,0.0,1.0,0.0,0.0
2023-09-04 13:25:10,"If you think SAG will get what they're asking for, Short NFLX",0.214,0.786,0.0,-0.4588
2023-09-06 15:41:53,"Comcast, Disney move up talks to decide Hulu future ownership from Jan 2024 to Sept 30th",0.0,1.0,0.0,0.0
2023-09-08 13:15:20,What are your opinions on trailing stop loss orders?,0.391,0.609,0.0,-0.5423
2023-09-12 19:22:31,Oracle Debt Ratio 8054%,0.455,0.545,0.0,-0.3612
2023-09-12 23:55:29,What's the long term play for the Hollywood strikes?,0.18,0.432,0.388,0.4404
2023-09-13 11:05:21,just want to know if im on the right path,0.0,0.874,0.126,0.0772
2023-09-14 21:51:24,NFLX @ major support,0.0,0.426,0.574,0.4019
2023-09-15 12:38:39,Spotify (SPOT) DCF Analysis,0.0,1.0,0.0,0.0
2023-09-16 20:23:04,Ultra Bullish on SNAP,0.0,0.39,0.61,0.6908
2023-09-18 04:30:01,Bernie Madoff: How did Picower net 100%+ annual returns?,0.0,1.0,0.0,0.0
2023-09-21 02:33:00,"Hollywood studios, writers near agreement to end strike, hope to finalize deal Thursday",0.085,0.568,0.347,0.6808
2023-09-22 22:05:21,PARA has gotten clobbered in the last 2 years. $40 -> $15,0.0,1.0,0.0,0.0
2023-09-23 19:56:58,Reminiscing on my first NFLX purchase,0.0,1.0,0.0,0.0
2023-09-24 15:21:17,"How do I start stock trading? (Not selling, damn SEO ruining search results)",0.32,0.68,0.0,-0.5719
2023-09-25 17:58:30,"NFLX average volume & range by weekday, YTD as of 09/22/23",0.0,1.0,0.0,0.0
2023-09-25 23:50:21,What is the biggest position you or anybody else you know off has traded with.,0.0,1.0,0.0,0.0
2023-09-26 06:54:09,Netflix's Ultra HD streaming dealt huge blow after being found guilty of patent infringement,0.307,0.573,0.12,-0.5574
2023-09-29 00:52:42,Netflix Shutters Its DVD Rental Business,0.0,1.0,0.0,0.0
2023-09-30 02:40:34,Had an amazing September with scalping options ️,0.0,0.612,0.388,0.5859
2023-10-02 02:08:00,My Willy-Nilly Stock Portfolio,0.0,1.0,0.0,0.0
2023-10-02 21:04:22,SP500 Technical Analysis & Trading Plan for 10/3/23,0.0,1.0,0.0,0.0
2023-10-03 13:58:05,Netflix plans to increase prices (and the value of my calls baybeeeeeeeeeeeeeee),0.0,0.481,0.519,0.8658
2023-10-04 00:13:17,Netflix set to raise prices again as share price plummets 16% MoM,0.0,0.833,0.167,0.296
2023-10-05 21:05:26,TSLA TO THE MOON ,0.0,0.375,0.625,0.7184
2023-10-06 19:06:32,How does it make sense for disney to go up 3% today?,0.0,1.0,0.0,0.0
2023-10-09 19:10:51,The truth always will out.,0.0,0.635,0.365,0.3182
2023-10-10 23:17:54,Does HIMS have a chance against AMZN ???,0.0,0.703,0.297,0.3695
2023-10-13 12:36:46,My plan for 10/13,0.0,1.0,0.0,0.0
2023-10-16 19:15:21,Some Thoughts on the Uranium Theme!,0.0,1.0,0.0,0.0
2023-10-16 20:40:04,Going to college is an investment in yourself. So do common sense investing rules apply?,0.0,1.0,0.0,0.0
2023-10-16 22:02:16,Games for everyone: Netflix tests new streaming tech,0.0,1.0,0.0,0.0
2023-10-17 19:46:04,Economic events for the week starting 10-16,0.0,1.0,0.0,0.0
2023-10-17 22:19:13,"200,000 users abandon Netflix in first drop since 2015 as password crackdown backfires",0.368,0.632,0.0,-0.7506
2023-10-18 17:22:42,TSLA & NFLX Earnings Moves Recap,0.0,1.0,0.0,0.0
2023-10-18 18:50:42,Stock Market Reactions,0.0,1.0,0.0,0.0
2023-10-18 20:06:03,Netflix shareholder letter - bullish - hoping my Jun 24 calls will print now,0.0,0.338,0.662,0.9493
2023-10-18 20:48:04,Go suck a giant wendys dumpster dick NFLX.,0.661,0.339,0.0,-0.7783
2023-10-18 21:19:27,Netflix Earnings: Subscribers Swell To Record 247 Million As Stock Soars and New Price Increase Is Introduced,0.0,0.874,0.126,0.3182
2023-10-19 00:19:13,NFLX is the ultimate recession stock.,0.359,0.641,0.0,-0.4215
2023-10-19 12:02:57,NFLX vs. TSLA pre-market after earnings yesterday.,0.0,1.0,0.0,0.0
2023-10-19 13:53:13,NFLX yolo FTW!,0.0,0.14,0.86,0.729
2023-10-19 13:53:32,NFLX CALLS GAIN,0.0,0.106,0.894,0.8555
2023-10-19 14:26:19,First time 5 digit gains,0.0,0.556,0.444,0.34
2023-10-19 14:41:45,Netflix shares surge on big subscriber additions despite Hollywood strikes,0.0,0.65,0.35,0.5122
2023-10-19 23:33:42,Calls on TSLA?,0.0,0.286,0.714,0.7184
2023-10-20 09:30:11,"r/Stocks Daily Discussion & Fundamentals Friday Oct 20, 2023",0.0,1.0,0.0,0.0
2023-10-21 16:12:04,Rate my Investment portfolio,0.0,1.0,0.0,0.0
2023-10-22 18:16:44,How many of you made the mistake of throwing all of your money into the stock market in 2021?,0.111,0.787,0.102,-0.0516
2023-10-22 20:19:58,"Down 21k on Christmas, Update",0.0,1.0,0.0,0.0
2023-10-24 13:12:05,Net-Flixxxxx! The same business with half the features.,0.0,1.0,0.0,0.0
2023-10-25 02:17:01,Funds were waiting for earnings to justify EOY rally. Taking bullish hedges.,0.0,0.701,0.299,0.6908
2023-10-25 19:15:26,"META Earnings Today, why not grab calls?",0.398,0.602,0.0,-0.6072
2023-10-26 17:17:31,NFLX puts gain,0.532,0.106,0.362,-0.3818
2023-10-27 01:31:18,Preliminary DD: ROKU,0.0,1.0,0.0,0.0
2023-10-30 12:50:28,Value stocks cheat sheet,0.405,0.27,0.324,-0.1531
2023-11-02 12:46:01,Thoughts on the economics of Spotify (and the audio streaming industry),0.0,1.0,0.0,0.0
2023-11-02 13:05:22,The Bad Economics Of The Audio Streaming Industry (Spotify Example),0.28,0.72,0.0,-0.5423
2023-11-02 22:41:16,Stock market is rigged for sure,0.284,0.455,0.261,-0.0516
2023-11-03 17:16:53,Long Netflix setup,0.0,0.4,0.6,0.4588
2023-11-05 20:33:54,WSJ - S&P 500 Has Best Earnings Quarter in Over a Year,0.0,0.682,0.318,0.6369
2023-11-08 20:07:53,Everything you need to know about Disney's earnings,0.0,1.0,0.0,0.0
2023-11-08 21:49:50,Disney up almost 5% aftermarket after showing Disney+ growth and 7% revenue growth Y.o.Y,0.0,0.698,0.302,0.6369
2023-11-09 21:24:11,"Netflix, Warner Bros partner with Verizon to offer discounted streaming bundle",0.0,0.893,0.107,0.0516
2023-11-10 13:06:43,Any Bright Future for Paramount?,0.0,0.58,0.42,0.4404
2023-11-10 19:15:15,Thanks WSB friends,0.0,0.143,0.857,0.7184
2023-11-11 19:47:57,Sound Investment Symphony: Why SPOT is Tuned for a Bullish Crescendo in 2023,0.0,0.701,0.299,0.6908
2023-11-13 13:04:20,Disney is cheap at this levels,0.0,1.0,0.0,0.0
2023-11-13 15:53:12,New Movie on Netflix -- The Killer. Anyone else notice the voice over theme could apply to Daytrading?,0.202,0.798,0.0,-0.6486
2023-11-14 17:26:26,The best performing stocks over the last 20 years,0.0,0.656,0.344,0.6369
2023-11-15 14:54:45,My bad guys. Purchased a put option the other day…,0.548,0.452,0.0,-0.8591
2023-11-16 10:38:24,"""Magnificent 7"" vs S&P 500?",0.0,0.506,0.494,0.5994
2023-11-17 20:56:29,"OpenAI’s Board Pushes Out Sam Altman, Its High-Profile C.E.O.",0.0,1.0,0.0,0.0
2023-11-18 23:44:18,OpenAI board in discussions with Sam Altman to return as CEO,0.0,1.0,0.0,0.0
2023-11-19 16:58:26,What companies u have invested in because of ur good customer experience?,0.0,0.775,0.225,0.4404
2023-11-20 11:34:19,Is Disney stock about to take off?,0.0,1.0,0.0,0.0
2023-11-20 15:13:28,500+ OpenAI employees will quit and join Microsoft unless the board resigns and reinstates Sam and Greg,0.118,0.769,0.113,-0.0258
2023-11-22 21:33:34,Movie director loses millions on options and crypto using Netflix money.,0.17,0.667,0.163,-0.0258
2023-11-22 22:13:21,Which one of y’all was this,0.0,1.0,0.0,0.0
2023-11-22 23:00:51,Why No one talk about Disney anymore?,0.268,0.732,0.0,-0.296
2023-11-22 23:34:43,"Netflix director loses $11 million trading options, makes $20 million trading crypto...",0.173,0.827,0.0,-0.3182
2023-11-23 10:22:34,"Netflix gave a director millions of dollars to create a sci-fi series, but he squandered it on stocks, cryptocurrency, and expensive cars.",0.0,0.925,0.075,0.1406
2023-11-23 22:02:16,Squid Game Challenge Players Threaten to Sue Netflix Over Injuries,0.218,0.672,0.109,-0.3182
2023-11-25 00:44:18,"Are there good resources regarding industries and businesses for investing? Eg., how certain companies earn their revenues and profit, their business strategy to increase revenues etc.",0.0,0.683,0.317,0.8481
2023-11-25 14:30:32,Disney needs to sell ESPN,0.556,0.444,0.0,-0.7184
2023-11-25 14:54:45,"Me every single time, before opening any position",0.0,1.0,0.0,0.0
2023-11-26 01:11:35,What US taxes are US non residents required to pay for owning or selling stocks of US companies?,0.076,0.924,0.0,-0.1027
2023-11-26 16:26:04,Why did people invest with private investors like Madoff when they could just have created their own Fidelity account?,0.0,0.791,0.209,0.5423
2023-11-28 18:42:20,Remember when you all laughed at and downvoted me for buying $afrm,0.0,0.786,0.214,0.4588
2023-11-28 20:38:06,Should have bought NFLX the last time I used the Netflix App,0.0,1.0,0.0,0.0
2023-12-01 18:01:48,Apple TV Plus and Paramount Plus reportedly discussing cheap bundle plan to take on Netflix,0.0,1.0,0.0,0.0
2023-12-05 11:46:56,DISNEY AI future,0.0,1.0,0.0,0.0
2023-12-06 14:08:38,PayPal (PYPL) Has a Compelling Case,0.0,0.678,0.322,0.2263
2023-12-12 05:04:32,Netflix will host live tennis match between Nadal and Alcaraz,0.0,1.0,0.0,0.0
2023-12-13 03:51:42,What is WING putting in that chicken? PE ratio of 107?!?!,0.0,1.0,0.0,0.0
2023-12-13 15:31:14,Netflix: Users spent 812 million hours watching The Night Agent,0.0,1.0,0.0,0.0
2023-12-18 15:15:12,Bullish and Bearish Momentum Stocks for 12/18/2023,0.326,0.347,0.326,0.0
2023-12-19 03:31:39,Netflix Is Going Down,0.0,1.0,0.0,0.0
2023-12-19 14:40:10,What is your best Deal?,0.0,0.488,0.512,0.6369
2023-12-20 21:16:28,Warner Bros. Discovery in talks to merge with Paramount Global,0.0,1.0,0.0,0.0
2023-12-21 00:11:58,Peter Lynch is famous for saying “The best stock to buy is the one you already own”,0.0,0.62,0.38,0.8807
2023-12-21 20:11:36,Warner Bros and Paramount merger,0.0,1.0,0.0,0.0
2023-12-22 09:46:03,Tesla short shorts are back,0.429,0.571,0.0,-0.4588
2023-12-24 00:41:30,Top picks for 2024? Let’s go!!,0.0,0.677,0.323,0.3365
2023-12-24 22:49:16,Need help with a search term,0.0,0.597,0.403,0.4019
2023-12-29 00:10:01,"""Outside of the Magnificent 7, the rest of the S&P 500 did nothing.""",0.0,0.755,0.245,0.5994
2023-12-29 00:50:28,Seeking Advice on Reallocating Tech Stock Profits to IRA: Long-Term Gains vs. Retirement Planning,0.0,0.694,0.306,0.6486
2023-12-29 01:47:07,Investing in companies you don't use or even hate.,0.316,0.684,0.0,-0.5719
2023-12-29 16:47:38,Earnings Strategy: Capitalising on IV Rush,0.0,1.0,0.0,0.0
2023-12-29 23:53:02,Sell off individual stocks and reinvest in ETFs?,0.417,0.583,0.0,-0.7184
2024-01-02 09:55:48,NFLX bullish on earnings,0.0,0.39,0.61,0.6908
2024-01-03 03:39:28,Americans Are Canceling More of Their Streaming Services,0.0,1.0,0.0,0.0
2024-01-05 12:06:30,Most hated stocks on Reddit?,0.529,0.471,0.0,-0.6697
2024-01-06 02:24:24,Cashing in on weight-loss drugs WITHOUT investing in pharma companies.,0.0,1.0,0.0,0.0
2024-01-06 04:33:35,Boeing is so Screwed,0.578,0.422,0.0,-0.6269
2024-01-08 20:59:53,Boeing help OceanGate design the prototype. We should have seen this coming.,0.0,0.803,0.197,0.4019
2024-01-11 19:24:05,Has anyone literally done random picks trading?,0.0,1.0,0.0,0.0
2024-01-11 19:44:10,HIMS is undervalued and has a lot of potential,0.0,0.636,0.364,0.6124
2024-01-14 12:51:27,Value Area Bounce?,0.0,0.455,0.545,0.34
2024-01-16 05:16:09,Offsetting Previous Losses While Continuing to Invest for the Future,0.231,0.769,0.0,-0.4019
2024-01-16 06:51:46,Netflix share price is up 50.8% over 12 months after it cut its annual production by more than 100 shows,0.094,0.807,0.099,0.0258
2024-01-16 17:21:40,Nobody asked but I averaged Altman’s Z-Score for every public company (Ex financials/SPACS/Holdcos) and the results are not great.,0.207,0.793,0.0,-0.6642
2024-01-18 18:27:58,Why I don't think NVDA party gonna last,0.273,0.727,0.0,-0.3089
2024-01-18 22:39:35,YouTube and Spotify join Netflix in No Launch Apps for Apple Vision Pro AR headset,0.12,0.652,0.228,0.25
2024-01-19 02:36:00,UBS expects Netflix to report accelerating revenue and operating income in Q4 By Investing.com,0.0,1.0,0.0,0.0
2024-01-19 17:21:00,"Most Anticipated Earnings Releases for the week beginning January 22th, 2024",0.0,1.0,0.0,0.0
2024-01-20 04:16:54,Can Disney+ beat Netflix now,0.0,1.0,0.0,0.0
2024-01-21 02:29:34,Economic events and potential earnings for next week,0.0,1.0,0.0,0.0
2024-01-21 15:10:01,Wall Street Newsletter S03E06: All-time highs are here. What's next?,0.0,0.75,0.25,0.4588
2024-01-21 15:15:31,(Bloomberg) Apple Vision Pro deliveries are delayed to March,0.174,0.642,0.183,0.0258
2024-01-21 22:17:26,Could 2024 be Disney's year?,0.0,1.0,0.0,0.0
2024-01-22 02:35:51,The $3500 Apple Vision Pro has arrived - but you can't use Netflix or YouTube on it,0.0,0.909,0.091,0.128
2024-01-23 10:30:09,"r/Stocks Daily Discussion & Technicals Tuesday - Jan 23, 2024",0.0,1.0,0.0,0.0
2024-01-23 12:04:41,Analysis shows surprisingly that the domestic streaming market has room for growth.,0.0,0.676,0.324,0.5859
2024-01-23 12:45:14,NETFLIX TO STREAM WWE RAW - LET THE BER SMACKDOWN BEGIN,0.0,1.0,0.0,0.0
2024-01-23 12:46:24,Netflix to stream WWE’s Raw starting next year in its biggest jump into live entertainment,0.0,0.833,0.167,0.4215
2024-01-23 15:17:17,NFLX $420 bounce on earnings?,0.0,1.0,0.0,0.0
2024-01-23 15:22:32,These are the stocks on my watchlist (1/23),0.0,1.0,0.0,0.0
2024-01-23 17:04:04,12k Netflix YOLO (not a recommendation play like my previous TRV play),0.0,0.508,0.492,0.7739
2024-01-23 21:10:09,NFLX Earnings Thread,0.0,1.0,0.0,0.0
2024-01-23 21:17:01,"Netflix adds 13.1 million subscribers, tops revenue estimates as membership push gains steam",0.0,0.659,0.341,0.6908
2024-01-23 22:04:27,Netflix password crackdown pays off as subscriber surge sees stock hit two-year-high,0.0,1.0,0.0,0.0
2024-01-23 23:00:33,Question about Netflix subscriber/EPS news,0.0,1.0,0.0,0.0
2024-01-23 23:38:30,Netflix’s stock surges following huge subscriber growth and increased revenue that tops expectations,0.0,0.466,0.534,0.8519
2024-01-24 00:06:49,Yolo NFLX,0.0,0.323,0.677,0.2732
2024-01-24 04:13:03,NFLX beat has made me bearish on theatre stocks and SBUX looks like it wants to die.,0.343,0.558,0.1,-0.7964
2024-01-24 15:19:33,Netflix Subscribers,0.0,1.0,0.0,0.0
2024-01-24 15:23:21,These are the stocks on my watchlist (1/24),0.0,1.0,0.0,0.0
2024-01-24 19:34:38,Netflix is soaring after 13mil sub gains; how much of that growth is attributed to password sharing?,0.0,0.642,0.358,0.7783
2024-01-24 22:07:11,Netflix gains,0.0,0.294,0.706,0.34
2024-01-24 23:40:37,Best. Day. Ever.,0.0,0.323,0.677,0.6369
2024-01-25 09:53:08,Possible offer for Paramount PARA,0.0,1.0,0.0,0.0
2024-01-25 13:45:16,Netflix vs Tesla,0.0,1.0,0.0,0.0
2024-01-25 15:50:22,Comcast stock jumps 5%; +7% up in dividend; 15bil buybacks; double beat but lost x2 broadband (34k); Cable (389k) & Peacock lost ($825mil).,0.228,0.772,0.0,-0.7096
2024-01-25 17:24:01,Netflix. Too late? Or right on time.,0.0,1.0,0.0,0.0
2024-01-25 19:50:34,YOLO Update,0.0,0.261,0.739,0.4278
2024-01-27 00:45:47,"Tech layoffs balloon in January as Wall Street rally lifts Alphabet, Meta, Microsoft to records",0.0,1.0,0.0,0.0
2024-01-27 02:00:16,good looking setup for next week AMZN ABNB NVO NFLX,0.0,0.756,0.244,0.4404
2024-01-27 04:33:13,"Vince McMahon, WWE founder, resigns amid sex trafficking allegations | NFLX",0.204,0.796,0.0,-0.3182
2024-01-27 07:58:12,How do you determine your exit point?,0.0,1.0,0.0,0.0
2024-01-27 16:46:26,Netflix insiders sold shares worth $71 mln in January. Record monthly sales volume for last 3 years ,0.0,0.773,0.227,0.4767
2024-01-28 05:03:08,Challenge my trade list for next 1/29/24 week!,0.0,0.815,0.185,0.1511
2024-01-28 05:28:20,BIG WEEK AHEAD,0.0,1.0,0.0,0.0
2024-01-28 16:46:27,Netflix's stock soared w/ 13mil sub driven by the password sharing crackdown. Can other streamers replicate that as a driver for growth?,0.0,0.779,0.221,0.6597
2024-01-29 01:48:24,Who should replace Tesla as the newest member of the “Mag 7?”,0.0,1.0,0.0,0.0
2024-01-29 02:35:12,Netflix is raising prices (again) by killing its cheapest ad-free plan,0.306,0.694,0.0,-0.6597
2024-01-29 20:51:05,TKO - A ticking timebomb in the entertainment sector,0.0,0.682,0.318,0.4215
2024-01-30 15:35:24,My thoughts on Netflix (WTD +16.8%),0.0,1.0,0.0,0.0
2024-01-30 18:16:33,"People are scared of FOMC / QRA. Eff it, I'll do it myself - 12k on AMD & 50K on NASDAQ",0.146,0.854,0.0,-0.4404
2024-01-31 12:53:05,How to find stocks to trade,0.0,1.0,0.0,0.0
2024-01-31 16:51:04,We went from FAANG to Mag7 to AI5...what will be the next stock grouping to lead the way?,0.0,1.0,0.0,0.0
2024-02-01 23:52:51,"42 yrs old, $2.55M saved - 8 years of investments in VTSAX are stuck with average cost basis - how do I account for this when determining if I’m ready to retire early?",0.06,0.781,0.159,0.5106
2024-02-02 11:25:46,Amazon stock analysis: Why it's my only holding in my portfolio,0.0,0.855,0.145,0.1779
2024-02-02 20:56:17,MSFT EARNINGS YOLO UPDATE,0.0,0.588,0.412,0.2732
2024-02-04 14:03:55,Netflix (NFLX) DCF Analysis,0.0,1.0,0.0,0.0
2024-02-07 14:58:29,Disney (DIS) Analysis,0.0,1.0,0.0,0.0
2024-02-08 14:51:01,What company will be a household name in the next 5-10 years?,0.0,1.0,0.0,0.0
2024-02-13 23:14:17,Expectations and Realizations on the current state of the Market,0.0,1.0,0.0,0.0
2024-02-15 14:52:12,Thanks to intel on Intel,0.0,0.58,0.42,0.4404
2024-02-15 23:36:21,Microsoft / OpenAI Sora,0.0,1.0,0.0,0.0
2024-02-16 14:41:39,I’m Free ,0.0,0.233,0.767,0.5106
2024-02-16 15:09:27,COIN 2/16 $170 Call,0.0,0.375,0.625,0.7184
2024-02-16 17:59:00,DKNG YOLO ,0.0,0.323,0.677,0.2732
2024-02-16 20:35:01,Truly one of us,0.0,0.508,0.492,0.4404
2024-02-18 17:49:25,Summary of stock market performance,0.0,1.0,0.0,0.0
2024-02-19 05:08:11,Berkshire Hathaway question,0.0,1.0,0.0,0.0
2024-02-19 13:10:38,“If only I invested in that company when I first started using their product”,0.0,1.0,0.0,0.0
2024-02-20 15:00:25,Why is Walmart doing so good during today???,0.0,0.62,0.38,0.6464
2024-02-21 18:02:40,Trading view inaccurate price data,0.0,1.0,0.0,0.0
2024-02-22 14:01:33,"SQ & CVNA earnings tonight, tendies will go brrrrr brrrrrrrrrrr",0.0,0.727,0.273,0.4588
2024-02-23 17:50:53,"Warner Bros. Touches All-Time Low on Ad Woes, Studio Weakness",0.527,0.473,0.0,-0.7783
2024-02-23 23:44:26,I had a motley fool subscription back in 2020-2022. Do we think their highest conviction stock picks report from 2022 will be right?,0.127,0.873,0.0,-0.4404
2024-02-24 17:52:05,Teaching Kids About Stocks,0.0,1.0,0.0,0.0
2024-02-27 02:44:41,"Um predicting second picture untill tesla 250, what you all think",0.0,1.0,0.0,0.0
2024-02-27 19:23:17,"Streaming to Overtake Pay TV Subscription Revenue in the U.S. This Year: it will hit $17.3 billion, topping $16.7 billion from pay TV.",0.118,0.882,0.0,-0.2023
2024-02-27 22:24:56,NVO - Nova Nordisk - The Perpetual Tendy Making Machine Hypothesis,0.0,1.0,0.0,0.0
2024-02-28 04:58:14,"Disney goes on the offensive with 8 counterclaims to Peltz's in a ""Fact vs Fiction"" page. Shareholder meeting is set for April-3rd with Peltz having a <2% share.",0.106,0.816,0.078,-0.2023
2024-02-28 16:42:38,MARA through earnings?,0.0,1.0,0.0,0.0
2024-02-29 18:24:27,"Nvidia has peaked, time for Warner Bros",0.0,1.0,0.0,0.0
2024-03-01 06:47:23,(Reuters) Walt Disney's grandchildren back CEO Iger and current Disney board and slam activist investors.,0.157,0.843,0.0,-0.3818
2024-03-01 11:00:26,r/DayTrading's Monthly Questions Thread - March 2024,0.0,1.0,0.0,0.0
2024-03-01 16:04:21,"Once a Hot Stock-Market Trend Has a Name, Its Best Days Are Likely to be over",0.0,0.642,0.358,0.7717
2024-03-01 17:13:05,"Once a Hot Stock-Market Trend Has a Name, Its Best Days Are Likely too late",0.0,0.621,0.379,0.7717
2024-03-02 07:37:39,Using Impulse MacD,0.0,1.0,0.0,0.0
2024-03-05 22:35:42,Streaming Services a BUY right now? (WBD & DIS),0.0,0.511,0.489,0.7739
2024-03-06 02:59:15,I Come Bearing (Anomalous) Gifts,0.0,1.0,0.0,0.0
2024-03-07 12:15:49,Takeaways from Morgan Stanley Media & Technology Conference: Q&A with Bob Iger March-5th:,0.0,1.0,0.0,0.0
2024-03-08 02:12:54,Costco misses holiday-quarter revenue expectations despite online growth,0.405,0.595,0.0,-0.4738
2024-03-08 13:28:32,WBD Lisan al Galib,0.0,1.0,0.0,0.0
2024-03-12 06:53:00,Netflix may rise prices again after cancelling its cheapest ad-free plan,0.153,0.847,0.0,-0.2023
2024-03-13 17:49:09,Case for a Peloton rebound ,0.0,0.545,0.455,0.3612
2024-03-16 14:52:25,A story about a trader's development from cautious piker to elite trader across ten years,0.104,0.896,0.0,-0.1027
2024-03-17 20:16:02,50k profit 0dte NFLX puts,0.459,0.275,0.266,-0.4767
2024-03-19 01:02:51,NVDA's Wall of Calls,0.0,0.375,0.625,0.7184
2024-03-20 12:16:32,I'm a full time trader and this is everything I'm watching and analysing in premarket ahead of FOMC meeting today.,0.0,1.0,0.0,0.0
2024-03-20 17:27:08,"Trading 21x, Disney is below its average & Netflix's 32x. Next earnings call should be a significant catalyst. Now at $115:",0.0,0.714,0.286,0.7783
2024-03-21 12:52:49,Amazon (AMZN) DCF Analysis,0.0,0.638,0.362,0.1779
2024-03-21 18:15:19,How are people trating Paramount?,0.0,1.0,0.0,0.0
2024-03-25 19:43:53,Barclay upgrades Disney expecting streamer profitability sooner than guided & to achieve 25-30% margins. DIS is up 3% today; up 30% YTD,0.0,0.905,0.095,0.2732
2024-03-28 02:50:00,(Forbes) Disney shares rally on analyst optimism and revised estimates as Disney heads for its best calendar Q1 since the year 2000:,0.0,0.657,0.343,0.872
2024-03-28 13:54:48,Any prop firms that allow swing trading equities?,0.0,0.787,0.213,0.2263
2024-03-29 14:03:19,"You missed META, NFLX, GOOGL? Try AAPL",0.268,0.732,0.0,-0.296
2024-03-29 17:34:25,"You missed META, NFLX, GOOGL? The answer isn't AAPL, its actually UNH",0.167,0.833,0.0,-0.296
2024-03-31 21:23:30,TKO - Owning  UFC and WWE could net you a FCF yield of 7-9%,0.0,1.0,0.0,0.0
2024-03-31 21:28:19,TKO - Owning  UFC and WWE could net you a FCF yield of 7-9% at current stock price. ,0.0,1.0,0.0,0.0
2024-04-03 17:27:14,"Disney wins proxy fight with Peltz’s Trian, as shareholders reelect full board ",0.16,0.613,0.227,0.2732
2024-04-04 01:25:04,Top 50 Stocks of the S&P500 by Trailing Twelve Month Total Return,0.0,0.859,0.141,0.2023
2024-04-05 18:40:19,Ramblings of a Remora: The size of the future AI market is truly hard to fathom and it's impact hard to imagine.,0.118,0.759,0.122,0.2732
2024-04-06 11:45:02,"Buy, or sideline SPOT?",0.0,0.375,0.625,0.7184
2024-04-06 19:22:30,Plays for The Holy Trinity Next Week,0.0,0.75,0.25,0.25
2024-04-07 04:19:19,Changing my Roth IRA from VOO to 10 individual stocks,0.0,1.0,0.0,0.0
2024-04-08 03:26:34,This week's game - a secular rally coming?,0.0,1.0,0.0,0.0
2024-04-09 22:54:40,"Disney+ confirms it is cracking down on password sharing, as Bob Iger says 'Netflix got it right'",0.0,0.851,0.149,0.4215
2024-04-10 15:27:51,Sea of blood,0.0,1.0,0.0,0.0
2024-04-11 11:00:15,Breaking Point or Making Point?,0.0,1.0,0.0,0.0
2024-04-11 15:39:21,Disney (DIS) DCF Analysis,0.0,1.0,0.0,0.0
2024-04-11 17:52:44,Match Result: TKO,0.0,1.0,0.0,0.0
2024-04-12 19:23:51,"Debating which stock to add next to portoflio: UNH, MCD, HD, or PEP?",0.0,1.0,0.0,0.0
2024-04-13 01:27:30,Call Credit Spreads 3 Month Update. $58k - $204k,0.0,0.397,0.603,0.8225
2024-04-13 20:53:44,Netflix earnings April 18th,0.0,1.0,0.0,0.0
2024-04-14 05:39:34,"I see most celebrating their puts, wars are bullish for the market . The upside on Monday is going to be massive",0.264,0.477,0.259,-0.044
2024-04-14 22:49:22,This week's game - buy to win this earnings season,0.0,0.443,0.557,0.8689
2024-04-15 20:15:02,Tesla execs Drew Baglino and Rohan Patel depart as company announces layoffs,0.0,1.0,0.0,0.0
2024-04-16 11:19:13,Netflix Q1 Earnings 2024: Can the Streaming Giant Continue to Impress?,0.0,0.775,0.225,0.4404
2024-04-16 14:26:20,Is it Time to Bail on Apple?,0.0,1.0,0.0,0.0
2024-04-18 04:11:00,My dad says that Netflix will go down tomorrow after earnings,0.0,1.0,0.0,0.0
2024-04-18 14:36:17,These are the stocks on my watchlist (4/18),0.0,1.0,0.0,0.0
2024-04-18 16:52:48,"Implied, Average and Last Earnings Move For Tomorrow Releases",0.0,1.0,0.0,0.0
2024-04-18 20:21:07,NFLX really f*cked everyone up,0.0,1.0,0.0,0.0
2024-04-18 20:45:19,Netflix blows past earnings estimates as subscribers jump 16%,0.0,1.0,0.0,0.0
2024-04-18 20:47:28,"NBA’s exclusive TV rights negotiating window with ESPN, Warner expected to pass without a deal",0.0,0.897,0.103,0.128
2024-04-18 22:50:37,What does NFLX’s earnings mean for DIS on May 7?,0.0,1.0,0.0,0.0
2024-04-19 00:35:07,Netflix reports record profits after $9.4 billion quarter as subscriber growth smashes estimates,0.0,0.667,0.333,0.6705
2024-04-19 01:00:39,META puts and TSLA calls?,0.385,0.231,0.385,0.0
2024-04-19 01:51:32,Dow Jones Futures Tumble On Iran Explosions; Stock Market About To Break Power Trend,0.0,0.812,0.188,0.4588
2024-04-19 03:04:23,I hope my son shorted NFLX,0.0,0.58,0.42,0.4404
2024-04-19 11:43:22,I'm a full time trader and this is everything you need to know in premarket 19/04 after Israel retaliates against Iran.,0.0,1.0,0.0,0.0
2024-04-19 13:28:58,These are the stocks on my watchlist (4/19),0.0,1.0,0.0,0.0
2024-04-19 16:18:18,Embracing Market Dips: Why I'm Sticking to My Boglehead Strategy,0.0,1.0,0.0,0.0
2024-04-19 16:24:04,Hulk day,0.0,1.0,0.0,0.0
2024-04-19 19:25:29,Nasdaq falls 2% in sixth straight losing day as Nvidia and Netflix slide — CNBC,0.158,0.727,0.115,-0.1779
2024-04-19 22:59:58,Netflix has added 9 million subscribers since controversial password crackdown,0.184,0.816,0.0,-0.2023
2024-04-21 20:11:01,4/26 SMCI & NVDA Puts,0.625,0.375,0.0,-0.7184
2024-04-22 22:48:24,Netflix Stock Tumbles Friday—Why Analysts Say They’re Still Bullish on the Streaming Giant,0.0,0.719,0.281,0.6908
2024-04-23 08:36:06,Meta earnings out tomorrow!! Where will meta go?,0.0,1.0,0.0,0.0
2024-04-23 20:08:23,Tesla earnings are out — here are the numbers,0.0,1.0,0.0,0.0
2024-04-23 20:19:35,Tesla's earnings missed analysts' estimates,0.355,0.645,0.0,-0.296
2024-04-23 20:28:17,Visa earnings $5.1 billion profit on $8.8 billion revenue ,0.0,0.734,0.266,0.4404
2024-04-23 21:02:29,"NFLX Baad , TSLA Goode - I am done with earnings.",0.0,1.0,0.0,0.0
2024-04-24 20:29:53,Please don’t hurt me thetagang,0.391,0.345,0.264,-0.2732
2024-04-24 22:49:34,META Q1 Earnings “shock” makes it ultimate YOLO Play,0.0,0.572,0.428,0.6408
2024-04-25 09:02:30,The Next Big Thing,0.0,1.0,0.0,0.0
2024-04-25 13:39:53,Netflix started this red ber hell,0.479,0.521,0.0,-0.6808
2024-04-25 13:52:19,AMZN is way oversold,0.0,1.0,0.0,0.0
2024-04-25 20:11:39,"Google jumps more than 10% in post-market, introduces first ever dividend.",0.0,1.0,0.0,0.0
2024-04-25 23:08:32,GOOGL,0.0,1.0,0.0,0.0
2024-04-26 23:10:09,"NFLX Swing Trade Rationale! Call, $567.5, Exp. 5/3",0.0,0.569,0.431,0.7424
2024-04-27 13:57:12,Charts are overrated - how to test out data trading,0.0,1.0,0.0,0.0
2024-04-28 18:45:37,TKO Holdings - Q1 2024 Earnings Play,0.0,0.676,0.324,0.34
2024-04-28 19:05:56,"Long time viewer, first time poster. I’m well regarded?",0.0,0.579,0.421,0.6249
2024-04-29 21:22:56,How to navigate current market,0.0,1.0,0.0,0.0
2024-04-30 01:19:48,My current strategy,0.0,1.0,0.0,0.0
2024-04-30 08:42:06,Puts on Netflix? Will it go to 450?,0.434,0.566,0.0,-0.7476
2024-04-30 10:22:32,Netflix per capita revenue only increases in North America,0.0,1.0,0.0,0.0
2024-05-02 11:14:29,"Peloton CEO Barry McCarthy to step down, company to lay off 15% of staff",0.0,1.0,0.0,0.0
2024-05-03 12:54:46,Disney Going Forward,0.0,1.0,0.0,0.0
2024-05-03 23:36:40,DIS (Disney) will fall 10%+ on earnings because:,0.0,1.0,0.0,0.0
2024-05-04 00:14:25,What stocks should I add to my portfolio?,0.0,1.0,0.0,0.0
2024-05-06 18:07:06,"Video streaming services see downloads, active users drop in April, BofA report shows",0.203,0.64,0.157,-0.2023
2024-05-06 23:47:09,DD: TKO will SKY ROCKET after earnings on Wednesday,0.0,0.67,0.33,0.6037
2024-05-07 03:33:35,"Rivian is no longer a Wall Street Darlings, Earnings are a catalyst for 3X returns for weekly put options holders",0.283,0.591,0.126,-0.6124
2024-05-08 17:00:47,Robinhood Q1 Earnings - Is It A Trap?,0.315,0.685,0.0,-0.3182
2024-05-09 15:21:22,"Disney & Warner collaborate to bundle their streaming services Disney+/Hulu & Max, starting this summer.
",0.0,1.0,0.0,0.0
2024-05-09 16:10:16,Scatterchart/plot?,0.0,1.0,0.0,0.0
2024-05-14 14:06:15,"Comcast offers subscribers Peacock, Netflix and Apple TV+ bundle",0.0,1.0,0.0,0.0
2024-05-14 15:24:38,"Comcast to bundle Peacock, Apple+ and Netflix. ",0.0,1.0,0.0,0.0
2024-05-15 14:19:22,Netflix secures two NFL games in sports streaming shakeup,0.147,0.642,0.211,0.1779
2024-05-15 14:49:47,Netflix to stream Christmas Day NFL games for three years ,0.0,1.0,0.0,0.0
2024-05-15 15:07:38,These are the stocks on my watchlist (5/15),0.0,1.0,0.0,0.0
2024-05-15 19:17:19,Netflix ad-supported tier has 40 million subscribers ,0.0,1.0,0.0,0.0
2024-05-15 22:10:32,these fuckers burned down my whole town with fire now they're going to moon without us,0.24,0.456,0.304,0.4019
2024-05-16 20:04:37,"I came across this comment from 6 years ago where someone proposed ""the Neckbeard Index"". It's VASTLY outperforming SPY.",0.0,1.0,0.0,0.0
2024-05-17 11:36:04,"I'm a full time trader and this is everything I'm watching and analysing in premarket 17/05, including positioning updates for SPX, Gold, Oil, VIX, GER40 etc ",0.0,1.0,0.0,0.0
2024-05-20 23:30:14,"Netflix is raising its subscription prices by another 11%, CEO confirms",0.0,1.0,0.0,0.0
2024-05-21 04:14:19,is FAANG the ultimate way to go?,0.0,1.0,0.0,0.0
2024-05-21 16:28:52,"Comcast Reveals Pricing for Netflix, Peacock, Apple TV+ Bundle; $15/month",0.0,1.0,0.0,0.0
2024-05-21 16:30:25,Pixar is laying off 14% of its workforce as Disney scales back content ,0.0,1.0,0.0,0.0
2024-05-22 12:03:19,"I'm a full time trader and this is my total pre market cheat sheet, including positioning analysis on US markets, NVDA, TSLA and FX. ",0.12,0.88,0.0,-0.4588
2024-05-23 19:32:39,Please don't put a pin in that balloon,0.0,0.444,0.556,0.7399
2024-05-23 23:03:47,Who here is NOT just blowing prop accounts and having mental breakdowns?,0.0,1.0,0.0,0.0
2024-05-24 19:18:03,Trading with XTB on delayed prices - where's the catch?,0.192,0.808,0.0,-0.2263
2024-05-25 12:27:11,Match Group (MTCH) DCF Analysis: Hinge and Tinder,0.0,1.0,0.0,0.0
2024-05-25 20:00:02,What’s the bull case for Netflix?,0.0,0.562,0.438,0.5994
2024-05-26 03:53:40,Top stocks in AI ecosystem,0.0,0.69,0.31,0.2023
2024-05-26 11:01:36,What happens to NVDA when china invades taiwan? I guess infrastructure can't be airlifted overnight... What other stock is invasion proof?,0.0,1.0,0.0,0.0
2024-05-27 16:36:20,Question about my LEAPS - NVDA & NFLX,0.0,1.0,0.0,0.0
2024-05-28 11:41:59,28 may 2024,0.0,1.0,0.0,0.0
2024-05-28 19:25:04,Is WYNN Stock a good investment?,0.0,0.58,0.42,0.4404
2024-05-31 23:32:05,Magnite (MGNI): A Hidden Gem with Explosive Potential Due to Low Float and Strong Partnerships,0.121,0.69,0.19,0.296
2024-06-03 01:45:04,Recurring investing based on predefined percentage,0.0,1.0,0.0,0.0
2024-06-03 14:04:35,2 year follow-up on buying the dip on pandemic stocks,0.0,1.0,0.0,0.0
2024-06-05 01:33:55,"Consumer Apparel one month view, list on right side. Lulu oversold?",0.0,1.0,0.0,0.0
2024-06-05 16:45:25,Good month to be a regarded degen,0.0,0.633,0.367,0.4404
2024-06-06 02:42:26,"Canada demands 5% of revenue from Netflix, Spotify, and other streamers",0.0,1.0,0.0,0.0
2024-06-07 11:54:36,"I'm a full time trader and this is everything I'm watching and analysing in premarket, including full expectations for NFP based on the positioning data and a look at VIX. ",0.0,1.0,0.0,0.0
2024-06-07 21:33:56,50 Most Valuable Companies Worldwide ,0.0,0.541,0.459,0.5256
2024-06-09 15:11:21,Bear Case: Why I believe Alphabet will do everything right and still lose,0.398,0.602,0.0,-0.765
2024-06-10 16:36:57,"Hey guys, I'm paper trading with Webull...",0.31,0.69,0.0,-0.4019
2024-06-11 00:57:59,"What's the point of ""growth"" stocks with nowhere to grow?",0.0,1.0,0.0,0.0
2024-06-12 13:59:31,Fear that I've already missed out (the opposite of FOMO)?,0.403,0.597,0.0,-0.6597
2024-06-12 16:17:21,Is this good enough,0.0,0.508,0.492,0.4404
2024-06-12 22:54:13,"Sony Pictures is buying Alamo Drafthouse, becoming the first studio in 75 years to own a theater chain",0.0,1.0,0.0,0.0
2024-06-14 15:20:40,"1948 ""Paramount Decree"" ended in Aug. 2022... just learning about this now!",0.0,1.0,0.0,0.0
2024-06-14 19:51:25,The market is NVDA. Put everything on NVDA and retire. Unstoppable stock,0.405,0.595,0.0,-0.7783
2024-06-16 19:52:10,My NVDA strangle and my ghey bear grandson. ,0.358,0.642,0.0,-0.5994
2024-06-21 00:19:33,"Losing sucks! Thankfully, today was a breakthrough! (Highly suggested for beginners)",0.367,0.452,0.181,-0.4374
2024-06-21 00:56:58,Netflix Launches Its Own Line of Popcorn for $4.50 a Bag,0.0,1.0,0.0,0.0
2024-06-21 15:19:55,What are your favourite large caps stocks to day trade?,0.0,1.0,0.0,0.0
2024-06-21 20:55:15,I created a python library for automated trading using E-Trade’s API,0.0,0.8,0.2,0.25
2024-06-22 02:00:35,To all that made bank off NVDA poots,0.0,1.0,0.0,0.0
2024-06-24 16:04:29,Would you consider this an edge?,0.0,1.0,0.0,0.0
2024-06-24 20:16:45,Netflix gain in Roth,0.0,0.469,0.531,0.5267
2024-06-27 03:15:13,What is stopping me from getting infinite free money by selling ridiculous call options?,0.174,0.381,0.445,0.8126
2024-06-27 22:43:47,Netflix: Breakout or Incoming Double Top and the End of the Bullrun?,0.0,0.859,0.141,0.2023
2024-06-29 09:32:56,How do you play the game? ,0.0,0.676,0.324,0.34
2024-06-30 04:43:37,I’m bearish on Netflix,0.61,0.39,0.0,-0.6908
2024-06-30 21:08:51,What would you do with 250k right now? ,0.0,1.0,0.0,0.0
2024-07-02 03:05:32,"Paramount hunts for a streaming partner, could kick off a wave of deals ",0.0,1.0,0.0,0.0
2024-07-02 20:26:15,Not a bad gain for the day ,0.288,0.416,0.296,0.0191
2024-07-04 14:32:54,NVDA will be a 4 trillion and then 5 trillion market cap company by EOY,0.0,1.0,0.0,0.0
2024-07-05 14:51:41,Long-term investor gains,0.0,0.455,0.545,0.34
2024-07-05 22:26:17,YOLO NFLX ERS. ,0.0,0.488,0.512,0.2732
2024-07-07 22:27:18,What happens to a stock when a company spins off a large size of its business?,0.0,1.0,0.0,0.0
2024-07-08 17:00:51,How to surpass the fear of selling?,0.348,0.652,0.0,-0.4939
2024-07-09 22:19:56,ABNB and EXPE are Facing Cities Around World Cracking Down on Short-Term Rentals.,0.0,1.0,0.0,0.0
2024-07-11 20:19:14,Delta did not swing enough,0.0,1.0,0.0,0.0
2024-07-11 20:24:03,Mag 7 hit hard,0.412,0.588,0.0,-0.1027
2024-07-11 21:10:48,"Most Anticipated Earnings Releases for the week beginning July 15th, 2024",0.0,1.0,0.0,0.0
2024-07-11 22:09:08,"$15,000 MAG 7 YOLO",0.0,0.414,0.586,0.4278
2024-07-12 14:15:13,Next Week Earnings Releases by Implied Movement,0.0,1.0,0.0,0.0
2024-07-12 19:15:01,"I am shorting NFLX into earnings next week, and so can you!",0.0,1.0,0.0,0.0
2024-07-12 22:29:19,My Bull Case for AMZN,0.0,0.506,0.494,0.5994
2024-07-13 16:01:47,Implied Move vs Average Past Move for This Week Earnings Releases,0.0,1.0,0.0,0.0
2024-07-13 23:19:07,What are your plays for next week?,0.0,0.75,0.25,0.25
2024-07-15 23:46:35,TKO Q2 Earnings - DD - Part 1 WWE Analysis - Why I am all in on this company!,0.0,1.0,0.0,0.0
2024-07-16 13:49:36,Anyone else having this problem?,0.439,0.561,0.0,-0.481
2024-07-17 02:39:56,Trading on Stock Splits,0.0,1.0,0.0,0.0
2024-07-17 17:50:00,S&P 500 Sectors Today - This is Why Funds Have Been Dumping Tech Stocks For Weeks,0.141,0.859,0.0,-0.3182
2024-07-17 17:52:40,What The Hell Do I Do To Get Much Richer Much Faster? 29M,0.256,0.556,0.189,-0.296
2024-07-17 19:52:46,Stocks on my watchlist for Thursday,0.0,1.0,0.0,0.0
2024-07-17 20:15:55,Today’s Close ️,0.0,1.0,0.0,0.0
2024-07-18 13:12:40,These are the stocks on my watchlist (7/18) ,0.0,1.0,0.0,0.0
2024-07-18 16:44:23,"Implied, Average and Last Earnings Move For Tomorrow Releases ",0.0,1.0,0.0,0.0
2024-07-18 18:32:29,Doing what feels like the most obvious choice. NFLX PUT YOLO ,0.301,0.42,0.28,-0.34
2024-07-18 18:43:19,Why did random call options that have no chance of hitting go green today for Netflix?,0.091,0.498,0.411,0.8271
2024-07-18 19:02:01,Ok so this is what you need to know before playing NFLX earnings (prediction inside),0.0,0.765,0.235,0.4588
2024-07-18 20:05:21,Netflix earnings are out — here are the numbers,0.0,1.0,0.0,0.0
2024-07-18 20:36:18,"Netflix Adds Over 8 Million Customers, Extends Lead Over Rivals",0.0,0.842,0.158,0.128
2024-07-18 22:36:11,Potential Block Buster Drug,0.492,0.508,0.0,-0.4404
2024-07-18 23:51:29,Netflix (up 37% YoY) scraps cheapest ad-free tier for existing customers,0.0,1.0,0.0,0.0
2024-07-19 13:17:47,These are the stocks on my watchlist (7/19),0.0,1.0,0.0,0.0
2024-07-19 14:40:16,A Day in the Life of a Full Time Day Trader,0.0,1.0,0.0,0.0
2024-07-19 15:05:46,Inverted myself on Netflix bearishness ,0.0,1.0,0.0,0.0
2024-07-19 15:32:39,netflix sisters... loss porn,0.434,0.566,0.0,-0.3182
2024-07-19 22:13:52,More Earning's Predictions DD 7/22 - 7/26,0.0,1.0,0.0,0.0
